global_step,eval_mean_return,eval_std_return
51200,0.0,0.0
100352,0.0,0.0
151552,2.6666666666666665,0.4714045207910317
200000,7.0,3.559026084010437
