global_step,eval_mean_return,eval_std_return
51200,0.0,0.0
100352,2.3333333333333335,0.4714045207910317
151552,4.0,2.8284271247461903
200000,11.0,2.160246899469287
