global_step,eval_mean_return,eval_std_return
20480,0.5,0.5
40960,3.0,0.8944271909999159
61440,3.0,0.8944271909999159
81920,3.0,0.0
100352,5.5,0.5
120832,5.0,1.4142135623730951
141312,5.0,1.4142135623730951
161792,5.5,0.5
180224,5.0,1.4142135623730951
200000,5.5,0.5
