global_step,eval_mean_return,eval_std_return
20000,0.5,0.5
40000,1.5,0.5
60000,3.0,0.0
80000,2.8,0.6
100000,3.4,0.66332495807108
120000,5.4,0.9165151389911681
140000,3.8,2.181742422927143
160000,4.3,1.5524174696260022
180000,6.5,3.0413812651491097
200000,7.0,1.3416407864998738
