global_step,eval_mean_return,eval_std_return
20000,0.0,0.0
40000,2.3,1.004987562112089
60000,2.9,0.3
80000,2.7,1.004987562112089
100000,5.2,1.4
120000,3.6,1.8
140000,4.0,1.4142135623730951
160000,4.4,1.42828568570857
180000,4.1,1.0440306508910548
200000,4.6,1.5620499351813308
