global_step,eval_mean_return,eval_std_return
20480,0.6,0.4898979485566356
40960,3.0,0.4472135954999579
61440,3.0,0.8944271909999159
81920,3.0,0.8944271909999159
100352,4.4,1.4966629547095764
120832,4.9,1.0440306508910548
141312,4.9,1.0440306508910548
161792,5.0,1.4142135623730951
180224,5.0,1.4142135623730951
200000,5.0,1.4142135623730951
