global_step,eval_mean_return,eval_std_return
50000,0.0,0.0
100000,3.6666666666666665,1.247219128924647
150000,11.0,2.943920288775949
200000,24.666666666666668,7.133644853010899
