global_step,eval_mean_return,eval_std_return
20000,0.1,0.30000000000000004
40000,1.7,0.6403124237432849
60000,2.6,0.8
80000,3.0,0.0
100000,3.3,0.6403124237432849
120000,4.1,1.8138357147217055
140000,4.1,1.7578395831246945
160000,3.7,1.8466185312619388
180000,4.8,1.5362291495737217
200000,4.4,1.8547236990991407
