global_step,eval_mean_return,eval_std_return
20480,0.4,0.48989794855663565
40960,3.0,0.8944271909999159
61440,2.8,0.6
81920,3.0,0.8944271909999159
100352,3.0,0.8944271909999159
120832,2.6,0.8
141312,5.1,1.445683229480096
161792,5.1,1.445683229480096
180224,5.1,1.445683229480096
200000,5.1,1.445683229480096
