global_step,eval_mean_return,eval_std_return
50000,0.6666666666666666,0.9428090415820634
100000,10.333333333333334,2.357022603955158
150000,11.333333333333334,6.182412330330469
200000,13.333333333333334,4.642796092394707
