global_step,eval_mean_return,eval_std_return
20480,0.6,0.48989794855663565
40960,3.0,0.0
61440,3.0,0.0
81920,3.0,0.0
100352,4.8,1.469693845669907
120832,4.8,1.469693845669907
141312,5.6,0.4898979485566356
161792,5.6,0.4898979485566356
180224,5.5,0.6708203932499369
200000,5.5,0.6708203932499369
