global_step,eval_mean_return,eval_std_return
50000,0.0,0.0
100000,12.0,2.943920288775949
150000,15.0,6.531972647421808
200000,17.0,4.546060565661952
