global_step,eval_mean_return,eval_std_return
20480,0.6,0.48989794855663565
40960,1.6,0.48989794855663565
61440,2.9,0.3
81920,3.0,0.0
100352,3.3,0.9
120832,4.2,1.469693845669907
141312,3.9,1.374772708486752
161792,4.4,1.1135528725660042
180224,4.7,1.004987562112089
200000,4.4,1.019803902718557
