global_step,eval_mean_return,eval_std_return
20000,1.5,0.5
40000,2.2,0.39999999999999997
60000,3.7,1.4177446878757827
80000,5.3,1.5524174696260025
100000,4.3,2.6095976701399777
120000,5.5,2.692582403567252
140000,5.7,2.193171219946131
160000,5.9,3.590264614203248
180000,6.9,3.207802986469088
200000,6.2,4.069397989875161
