generation,eval_mean_return,eval_std_return
10,0.0,0.0
20,0.0,0.0
30,0.0,0.0
40,0.0,0.0
50,0.0,0.0
60,0.0,0.0
70,0.0,0.0
80,0.0,0.0
90,0.0,0.0
100,0.0,0.0
110,0.0,0.0
120,0.0,0.0
130,0.0,0.0
140,0.4,0.48989794855663565
150,0.4,0.48989794855663565
160,0.4,0.48989794855663565
170,0.4,0.48989794855663565
180,0.4,0.48989794855663565
190,0.4,0.48989794855663565
200,0.4,0.48989794855663565
