global_step,eval_mean_return,eval_std_return
20000,0.7,0.9
40000,2.2,0.6
60000,2.3,0.6403124237432849
80000,3.2,0.39999999999999997
100000,3.6,1.2
120000,4.9,0.9433981132056604
140000,5.4,2.244994432064365
160000,6.0,2.4899799195977463
180000,3.7,1.676305461424021
200000,4.4,1.7435595774162693
