generation,eval_mean_return,eval_std_return
10,0.6666666666666666,0.9428090415820634
20,0.0,0.0
