generation,eval_mean_return,eval_std_return
1,0.6,0.48989794855663565
2,0.1,0.30000000000000004
3,0.0,0.0
4,0.0,0.0
5,0.0,0.0
